profileUrl,username,fullName,imgUrl,id,isPrivate,isVerified,query,timestamp
https://www.instagram.com/emprendeuvg,emprendeuvg,Emprende UVG,https://scontent-lga3-2.cdninstagram.com/v/t51.2885-19/117282495_1457605654431264_4890356087154115132_n.jpg?stp=dst-jpg_s150x150&_nc_ht=scontent-lga3-2.cdninstagram.com&_nc_cat=100&_nc_ohc=Oy0yjqQLQeQAX9di9hP&tn=uc6Wq052tixwMtlO&edm=ALB854YBAAAA&ccb=7-5&oh=00_AT9nK1SLKRD1SGlW-OzHSTW7TRBeRgj19g-OuZjrZ2p5Gg&oe=62D5D140&_nc_sid=04cb80,39851757227,false,false,https://www.instagram.com/uvggt/,2022-07-13T13:01:41.241Z
https://www.instagram.com/aemath.uvg,aemath.uvg,AE de Matem치tica UVG,https://scontent-lga3-2.cdninstagram.com/v/t51.2885-19/271260685_2062339557287511_3652253668338739614_n.jpg?stp=dst-jpg_s150x150&_nc_ht=scontent-lga3-2.cdninstagram.com&_nc_cat=103&_nc_ohc=Q8DnrmoYMgUAX81Kp3S&edm=ALB854YBAAAA&ccb=7-5&oh=00_AT-HBUO2Sg7TvWXlHmlHstV_4C_Tg_SmHIdMxVlN4EsNfA&oe=62D606FD&_nc_sid=04cb80,25858463295,false,false,https://www.instagram.com/uvggt/,2022-07-13T13:01:41.241Z
https://www.instagram.com/aeqf_uvg,aeqf_uvg,AEQF UVG,https://scontent-lga3-2.cdninstagram.com/v/t51.2885-19/272987324_330174258987468_8358692396327658819_n.jpg?stp=dst-jpg_s150x150&_nc_ht=scontent-lga3-2.cdninstagram.com&_nc_cat=100&_nc_ohc=1T-Bq-6HMNIAX_sN8nR&edm=ALB854YBAAAA&ccb=7-5&oh=00_AT9kcjgWNf1IazBT9b_T3Thvgt8z3YXn_UYoIrtmt-xxhw&oe=62D59493&_nc_sid=04cb80,23612816292,false,false,https://www.instagram.com/uvggt/,2022-07-13T13:01:41.241Z
https://www.instagram.com/psicologiauvg,psicologiauvg,Psicolog칤a UVG,https://scontent-lga3-2.cdninstagram.com/v/t51.2885-19/176140846_1373083313045711_7503182118849048673_n.jpg?stp=dst-jpg_s150x150&_nc_ht=scontent-lga3-2.cdninstagram.com&_nc_cat=111&_nc_ohc=rH54xU6X2OAAX9mi4KE&edm=ALB854YBAAAA&ccb=7-5&oh=00_AT9mjz4ThpR7CpVqYnpgdPBT6Y6s7u3YK7z7Eh1QXo0BhQ&oe=62D4C7FA&_nc_sid=04cb80,37340891988,false,false,https://www.instagram.com/uvggt/,2022-07-13T13:01:41.241Z
https://www.instagram.com/ing.alimentosuvg,ing.alimentosuvg,Ingenieri패a en Alimentos UVG,https://scontent-lga3-2.cdninstagram.com/v/t51.2885-19/104635685_783734045787169_1561713969687801154_n.jpg?stp=dst-jpg_s150x150&_nc_ht=scontent-lga3-2.cdninstagram.com&_nc_cat=101&_nc_ohc=d9FR15HesLIAX-P8vtp&edm=ALB854YBAAAA&ccb=7-5&oh=00_AT_HdGoBvRsHF3fyQFfTiG0nHzWyDJZt2l6B918WaRsgNA&oe=62D4DADF&_nc_sid=04cb80,38429611444,false,false,https://www.instagram.com/uvggt/,2022-07-13T13:01:41.241Z
https://www.instagram.com/uicn_ormacc,uicn_ormacc,UICN ORMACC,https://scontent-lga3-2.cdninstagram.com/v/t51.2885-19/60896311_291363645074453_4481016796702310400_n.jpg?stp=dst-jpg_s150x150&_nc_ht=scontent-lga3-2.cdninstagram.com&_nc_cat=105&_nc_ohc=7KGJao5_-2sAX-u67Iq&edm=ALB854YBAAAA&ccb=7-5&oh=00_AT_nL0RN_4KG_4gYI-qv7DEQz_HoNWC9t64TLK9lf3fZ4Q&oe=62D4B286&_nc_sid=04cb80,13929194039,false,false,https://www.instagram.com/uvggt/,2022-07-13T13:01:41.241Z
https://www.instagram.com/nutricionuvg,nutricionuvg,Nutrici칩n UVG,https://scontent-lga3-2.cdninstagram.com/v/t51.2885-19/101504899_682352672324374_6517703126122758144_n.jpg?stp=dst-jpg_s150x150&_nc_ht=scontent-lga3-2.cdninstagram.com&_nc_cat=110&_nc_ohc=qzAXoAEKTF4AX-bfXkm&edm=ALB854YBAAAA&ccb=7-5&oh=00_AT8AYzZ7fZzAZk63W3punUmcww1XHcji69rem94tEzNfPw&oe=62D69444&_nc_sid=04cb80,8754305257,false,false,https://www.instagram.com/uvggt/,2022-07-13T13:01:41.241Z
https://www.instagram.com/aefe_uvg,aefe_uvg,AEFE UVG,https://scontent-lga3-2.cdninstagram.com/v/t51.2885-19/148368782_3902713193083124_5812978921958245109_n.jpg?stp=dst-jpg_s150x150&_nc_ht=scontent-lga3-2.cdninstagram.com&_nc_cat=108&_nc_ohc=cHprUNu3z98AX8gpyMP&edm=ALB854YBAAAA&ccb=7-5&oh=00_AT8eA8Wo0LAaIF6TzsLEPck2ATbcvpG7GOU2xxLzL7VSCQ&oe=62D5903C&_nc_sid=04cb80,1935609291,false,false,https://www.instagram.com/uvggt/,2022-07-13T13:01:41.241Z
https://www.instagram.com/arduino.cc,arduino.cc,Arduino,https://scontent-lga3-2.cdninstagram.com/v/t51.2885-19/17127026_1742810329381981_5832410909015801856_a.jpg?stp=dst-jpg_s150x150&_nc_ht=scontent-lga3-2.cdninstagram.com&_nc_cat=101&_nc_ohc=a6yMXkDKI2oAX-f6XP-&edm=ALB854YBAAAA&ccb=7-5&oh=00_AT8BmHspr0_A2omds3fJ7nO-UCg8WkstBM6vGF6eXyj51w&oe=62D4F9BA&_nc_sid=04cb80,2355981309,false,false,https://www.instagram.com/uvggt/,2022-07-13T13:01:41.921Z
https://www.instagram.com/adrianagonzalezgt,adrianagonzalezgt,Adriana Gonza패lez | Soprano,https://scontent-lga3-2.cdninstagram.com/v/t51.2885-19/241120207_534584187835282_2376599712051027882_n.jpg?stp=dst-jpg_s150x150&_nc_ht=scontent-lga3-2.cdninstagram.com&_nc_cat=110&_nc_ohc=ugdP3WoDVDUAX8q2_Il&edm=ALB854YBAAAA&ccb=7-5&oh=00_AT9wolkC7OBOQSIVheWMNhj-1P8_lSECk_M3m-ZU9rpcfg&oe=62D5A93B&_nc_sid=04cb80,288694312,false,false,https://www.instagram.com/uvggt/,2022-07-13T13:01:41.921Z
https://www.instagram.com/educonuvg,educonuvg,Educon UVG,https://scontent-lga3-2.cdninstagram.com/v/t51.2885-19/70708630_690336694817524_3873677776456253440_n.jpg?stp=dst-jpg_s150x150&_nc_ht=scontent-lga3-2.cdninstagram.com&_nc_cat=104&_nc_ohc=eUMlt2wtEzgAX8_oGWb&edm=ALB854YBAAAA&ccb=7-5&oh=00_AT_HlEMEfyBYhp4l1F2J7-sbacM8R7p7TvrBZNcuJ-hHbA&oe=62D69890&_nc_sid=04cb80,8778393162,false,false,https://www.instagram.com/uvggt/,2022-07-13T13:01:41.921Z
https://www.instagram.com/admisionesuvg,admisionesuvg,Admisiones UVG,https://scontent-lga3-2.cdninstagram.com/v/t51.2885-19/279875056_717803399648264_2320588761465455171_n.jpg?stp=dst-jpg_s150x150&_nc_ht=scontent-lga3-2.cdninstagram.com&_nc_cat=108&_nc_ohc=SsWv6nybq9MAX8p778D&edm=ALB854YBAAAA&ccb=7-5&oh=00_AT-i5LhbHwLgmF_vvz8CJ4_hikZGc1m8zeDps8ZnPQJ1Tg&oe=62D65A98&_nc_sid=04cb80,8780466661,false,false,https://www.instagram.com/uvggt/,2022-07-13T13:01:41.921Z
https://www.instagram.com/uvg.life,uvg.life,UVG LIFE,https://scontent-lga3-2.cdninstagram.com/v/t51.2885-19/41167768_1026184774209225_6317735040868417536_n.jpg?stp=dst-jpg_s150x150&_nc_ht=scontent-lga3-2.cdninstagram.com&_nc_cat=109&_nc_ohc=XLY3nbuKAcQAX-4asI6&tn=uc6Wq052tixwMtlO&edm=ALB854YBAAAA&ccb=7-5&oh=00_AT9xtdimDnYWAuzBUkdCwmCIa5q0PvxkweylkofEeuaE5A&oe=62D568DF&_nc_sid=04cb80,8432684365,false,false,https://www.instagram.com/uvggt/,2022-07-13T13:01:41.921Z
https://www.instagram.com/aenuvg,aenuvg,Asociacio패n Nutricio패n UVG,https://scontent-lga3-2.cdninstagram.com/v/t51.2885-19/272956889_473170380855919_934012409851128393_n.jpg?stp=dst-jpg_s150x150&_nc_ht=scontent-lga3-2.cdninstagram.com&_nc_cat=107&_nc_ohc=qJao0bAE9FEAX8vYD4R&edm=ALB854YBAAAA&ccb=7-5&oh=00_AT8vf5uUH_Onc5l1rYn0AE-ZPu2CodKSSeCslXXX4rNkgw&oe=62D58131&_nc_sid=04cb80,7040580496,false,false,https://www.instagram.com/uvggt/,2022-07-13T13:01:41.921Z
https://www.instagram.com/enactus_uvg,enactus_uvg,Enactus UVG,https://scontent-lga3-2.cdninstagram.com/v/t51.2885-19/21577123_1801300993493535_3354796382220189696_n.jpg?stp=dst-jpg_s150x150&_nc_ht=scontent-lga3-2.cdninstagram.com&_nc_cat=103&_nc_ohc=NOjs4056CxMAX_I8uFJ&edm=ALB854YBAAAA&ccb=7-5&oh=00_AT_VVKnXkDbdr4gQej5_jBzj00ajbZaNXE6H3N7D2tSfHA&oe=62D5BFAE&_nc_sid=04cb80,4609473793,false,false,https://www.instagram.com/uvggt/,2022-07-13T13:01:42.446Z
https://www.instagram.com/fcchh_uvg,fcchh_uvg,Fac. de Ciencias y Humanidades,https://scontent-lga3-2.cdninstagram.com/v/t51.2885-19/31255843_602713980095973_4232740289397129216_n.jpg?stp=dst-jpg_s150x150&_nc_ht=scontent-lga3-2.cdninstagram.com&_nc_cat=109&_nc_ohc=9W_J-1drM1IAX9cl1-s&tn=uc6Wq052tixwMtlO&edm=ALB854YBAAAA&ccb=7-5&oh=00_AT87my_f3vRZDJg1kdZUO5kqEZRHp4Mu3-AIp221lVpbqQ&oe=62D600A5&_nc_sid=04cb80,7709196355,false,false,https://www.instagram.com/uvggt/,2022-07-13T13:01:42.446Z
https://www.instagram.com/foodbusinessuvg,foodbusinessuvg,Food Business & Marketing UVG,https://scontent-lga3-2.cdninstagram.com/v/t51.2885-19/35490816_193294658180942_4022686534305054720_n.jpg?stp=dst-jpg_s150x150&_nc_ht=scontent-lga3-2.cdninstagram.com&_nc_cat=102&_nc_ohc=Ga5QM85sUbsAX_s6v4k&edm=ALB854YBAAAA&ccb=7-5&oh=00_AT8noCaRgU4c9tlncOBov4bVi6zGuDnWpSQhKLN0IUsMFg&oe=62D5F424&_nc_sid=04cb80,8121277272,false,false,https://www.instagram.com/uvggt/,2022-07-13T13:01:42.446Z
https://www.instagram.com/ingalimentosuvg,ingalimentosuvg,Departamento de Alimentos UVG,https://scontent-lga3-2.cdninstagram.com/v/t51.2885-19/74676938_2895623923803393_2705870933108719616_n.jpg?stp=dst-jpg_s150x150&_nc_ht=scontent-lga3-2.cdninstagram.com&_nc_cat=109&_nc_ohc=PCH_7PJgrTcAX9cazvy&edm=ALB854YBAAAA&ccb=7-5&oh=00_AT-uaswYfflKmOksPMfxqdG1FAnE6VGsKwaiVjBECs9v0Q&oe=62D5CA92&_nc_sid=04cb80,3145070410,false,false,https://www.instagram.com/uvggt/,2022-07-13T13:01:42.446Z
https://www.instagram.com/aeuvg2022,aeuvg2022,AEUVG 2022,https://scontent-lga3-2.cdninstagram.com/v/t51.2885-19/275596723_4935511839876751_1197218925034480515_n.jpg?stp=dst-jpg_s150x150&_nc_ht=scontent-lga3-2.cdninstagram.com&_nc_cat=107&_nc_ohc=KVNW4iFg9HwAX-dq4ZG&edm=ALB854YBAAAA&ccb=7-5&oh=00_AT8vIKITZe-w0--VKtODwuAkp8Qw_wEAa41yx_mw1yTl2w&oe=62D572E3&_nc_sid=04cb80,4462818393,false,false,https://www.instagram.com/uvggt/,2022-07-13T13:01:42.446Z
https://www.instagram.com/cubesatuvg,cubesatuvg,CubeSat UVG,https://scontent-lga3-2.cdninstagram.com/v/t51.2885-19/28764595_440304259734639_2868540680551006208_n.jpg?stp=dst-jpg_s150x150&_nc_ht=scontent-lga3-2.cdninstagram.com&_nc_cat=103&_nc_ohc=Ty6A1ZM74EUAX9tdGbe&edm=ALB854YBAAAA&ccb=7-5&oh=00_AT9FWTr3zzTz53bH0GQ8NZLbeHyo_-H-fpSR9ZF3ZyxDtQ&oe=62D5DF6A&_nc_sid=04cb80,7340078661,false,false,https://www.instagram.com/uvggt/,2022-07-13T13:01:42.446Z
https://www.instagram.com/debateuvg,debateuvg,Sociedad de Debate UVG,https://scontent-lga3-2.cdninstagram.com/v/t51.2885-19/28427923_604860333191829_3081697858752086016_n.jpg?stp=dst-jpg_s150x150&_nc_ht=scontent-lga3-2.cdninstagram.com&_nc_cat=109&_nc_ohc=Z3f8lKY0KOkAX8CdON-&tn=uc6Wq052tixwMtlO&edm=ALB854YBAAAA&ccb=7-5&oh=00_AT-GOO7R0TVj7sDs7T8K67BfaFG5sg942FSuozmGWxV1Uw&oe=62D50E31&_nc_sid=04cb80,7244239619,false,false,https://www.instagram.com/uvggt/,2022-07-13T13:01:42.446Z
https://www.instagram.com/reforestacion.uvg,reforestacion.uvg,Reforestacion UVG游,https://scontent-lga3-2.cdninstagram.com/v/t51.2885-19/30079294_2071386486454731_2648758021374607360_n.jpg?stp=dst-jpg_s150x150&_nc_ht=scontent-lga3-2.cdninstagram.com&_nc_cat=103&_nc_ohc=cdJXqCEQulEAX_FEjPw&edm=ALB854YBAAAA&ccb=7-5&oh=00_AT-wTlFGVULUZTvA0JrR1rHJ9a_X4ZW1v1SuMvwUPgquBQ&oe=62D631A0&_nc_sid=04cb80,7493212790,false,false,https://www.instagram.com/uvggt/,2022-07-13T13:01:42.446Z
https://www.instagram.com/cursodefotografiauvg,cursodefotografiauvg,Fotograf칤aUVG,https://scontent-lga3-2.cdninstagram.com/v/t51.2885-19/16230901_1835300726743005_1891277106353012736_a.jpg?stp=dst-jpg_s150x150&_nc_ht=scontent-lga3-2.cdninstagram.com&_nc_cat=109&_nc_ohc=50ZR6YoeC34AX_2L35L&edm=ALB854YBAAAA&ccb=7-5&oh=00_AT9YydmdN8s5GmMlPIyJTKMBBo5I1w8CbuA6vnlfYqJnKg&oe=62D56E5B&_nc_sid=04cb80,4591451736,false,false,https://www.instagram.com/uvggt/,2022-07-13T13:01:42.446Z
https://www.instagram.com/biologia_uvg,biologia_uvg,Departamento de Biologia UVG,https://scontent-lga3-2.cdninstagram.com/v/t51.2885-19/30605434_2063727446977998_8920955796041236480_n.jpg?stp=dst-jpg_s150x150&_nc_ht=scontent-lga3-2.cdninstagram.com&_nc_cat=106&_nc_ohc=xPvMpnWGUn8AX_jb2_f&edm=ALB854YBAAAA&ccb=7-5&oh=00_AT9sQOCMI6IME3hoPcuyND5Y7t6CrMjfkHAGEx5jt4TZOQ&oe=62D4F4F2&_nc_sid=04cb80,7535289428,false,false,https://www.instagram.com/uvggt/,2022-07-13T13:01:42.446Z
https://www.instagram.com/bioquibiotec.uvg,bioquibiotec.uvg,Bioqui패mica/Biotecnologi패a,https://scontent-lga3-2.cdninstagram.com/v/t51.2885-19/135855570_742216483085765_2394809543910582199_n.jpg?stp=dst-jpg_s150x150&_nc_ht=scontent-lga3-2.cdninstagram.com&_nc_cat=105&_nc_ohc=9aiMgzdS9XUAX9NgBTz&edm=ALB854YBAAAA&ccb=7-5&oh=00_AT-c06nC5jWLOjajc5JoLQtTmwYHBWbLE0eLXhrLiLuH2A&oe=62D60488&_nc_sid=04cb80,6090280245,false,false,https://www.instagram.com/uvggt/,2022-07-13T13:01:42.446Z
https://www.instagram.com/aebiologia_uvg,aebiologia_uvg,AEBiologi패a UVG,https://scontent-lga3-2.cdninstagram.com/v/t51.2885-19/26872932_143141219693096_6248276988671295488_n.jpg?stp=dst-jpg_s150x150&_nc_ht=scontent-lga3-2.cdninstagram.com&_nc_cat=108&_nc_ohc=e6v1OjGQbscAX-v9fVp&edm=ALB854YBAAAA&ccb=7-5&oh=00_AT-iDy4DVGRp4isnLRfzu15Q0r_XvhWV2sYLocyofqv_0w&oe=62D614F2&_nc_sid=04cb80,4910969408,false,false,https://www.instagram.com/uvggt/,2022-07-13T13:01:42.948Z
